{
  "greedy": {
    "n_problems": 164,
    "pass@1": 0.3597560975609756,
    "pass@10": 0.3597560975609756
  },
  "temp_0.2": {
    "n_problems": 164,
    "pass@1": 0.3689024390243903,
    "pass@10": 0.4695121951219512
  },
  "temp_0.7": {
    "n_problems": 164,
    "pass@1": 0.3621951219512196,
    "pass@10": 0.6280487804878049
  },
  "top_p_0.95": {
    "n_problems": 164,
    "pass@1": 0.36158536585365864,
    "pass@10": 0.6219512195121951
  },
  "p_less": {
    "n_problems": 164,
    "pass@1": 0.3609756097560976,
    "pass@10": 0.38414634146341464
  },
  "p_less_norm": {
    "n_problems": 164,
    "pass@1": 0.3585365853658537,
    "pass@10": 0.3902439024390244
  }
}