{
  "greedy": {
    "n_problems": 164,
    "pass@1": 0.7560975609756098,
    "pass@10": 0.7560975609756098
  },
  "temp_0.2": {
    "n_problems": 164,
    "pass@1": 0.7682926829268296,
    "pass@10": 0.8658536585365854
  },
  "temp_0.7": {
    "n_problems": 164,
    "pass@1": 0.7256097560975608,
    "pass@10": 0.9146341463414634
  },
  "top_p_0.95": {
    "n_problems": 164,
    "pass@1": 0.728658536585366,
    "pass@10": 0.9207317073170732
  },
  "p_less": {
    "n_problems": 164,
    "pass@1": 0.779878048780488,
    "pass@10": 0.8475609756097561
  },
  "p_less_norm": {
    "n_problems": 164,
    "pass@1": 0.7756097560975608,
    "pass@10": 0.8475609756097561
  }
}