{
  "greedy": {
    "n_problems": 164,
    "pass@1": 0.8414634146341463,
    "pass@10": 0.8414634146341463
  },
  "temp_0.2": {
    "n_problems": 164,
    "pass@1": 0.834756097560976,
    "pass@10": 0.9085365853658537
  },
  "temp_0.7": {
    "n_problems": 164,
    "pass@1": 0.7902439024390249,
    "pass@10": 0.9451219512195121
  },
  "top_p_0.95": {
    "n_problems": 164,
    "pass@1": 0.7975609756097564,
    "pass@10": 0.9451219512195121
  },
  "p_less": {
    "n_problems": 164,
    "pass@1": 0.8329268292682924,
    "pass@10": 0.9024390243902439
  },
  "p_less_norm": {
    "n_problems": 164,
    "pass@1": 0.7518292682926832,
    "pass@10": 0.9512195121951219
  }
}