{
  "greedy": {
    "n_problems": 164,
    "pass@1": 0.7560975609756098,
    "pass@10": 0.7560975609756098
  },
  "temp_0.2": {
    "n_problems": 164,
    "pass@1": 0.7579268292682926,
    "pass@10": 0.8292682926829268
  },
  "temp_0.7": {
    "n_problems": 164,
    "pass@1": 0.7621951219512196,
    "pass@10": 0.8658536585365854
  },
  "top_p_0.95": {
    "n_problems": 164,
    "pass@1": 0.7615853658536585,
    "pass@10": 0.8170731707317073
  },
  "p_less": {
    "n_problems": 164,
    "pass@1": 0.7603658536585365,
    "pass@10": 0.7804878048780488
  },
  "p_less_norm": {
    "n_problems": 164,
    "pass@1": 0.7560975609756098,
    "pass@10": 0.7804878048780488
  }
}