{
  "A": {
    "label": "temp 0.7",
    "thinking": false,
    "split": false,
    "color": "#78909C",
    "max_tokens": 512,
    "pass_at_k": {
      "1": 0.6491150442477875,
      "3": 0.6887536873156342,
      "5": 0.7025389801938474,
      "10": 0.7212389380530974
    },
    "correct_tasks": 163,
    "total_correct": 1467,
    "n_tasks": 226,
    "trunc": null,
    "struct_div": 0.0573,
    "codebleu_div": 0.1372
  },
  "B": {
    "label": "pless 0.7",
    "thinking": false,
    "split": false,
    "color": "#546E7A",
    "max_tokens": 512,
    "pass_at_k": {
      "1": 0.6561946902654868,
      "3": 0.6591076696165192,
      "5": 0.6592920353982301,
      "10": 0.6592920353982301
    },
    "correct_tasks": 149,
    "total_correct": 1483,
    "n_tasks": 226,
    "trunc": null,
    "struct_div": 0.0067,
    "codebleu_div": 0.0152
  },
  "C": {
    "label": "temp_think 0.6",
    "thinking": true,
    "split": false,
    "color": "#2196F3",
    "max_tokens": 4096,
    "pass_at_k": {
      "1": 0.7252212389380531,
      "3": 0.7827433628318584,
      "5": 0.797952661890715,
      "10": 0.8141592920353983
    },
    "correct_tasks": 184,
    "total_correct": 1639,
    "n_tasks": 226,
    "trunc": {
      "total_samples": 2260,
      "truncated": 560,
      "truncation_rate": 0.24778761061946902,
      "tasks_all_trunc": 33,
      "tasks_no_trunc": 136
    },
    "struct_div": 0.1667,
    "codebleu_div": 0.3544
  },
  "D": {
    "label": "pless_think 0.6",
    "thinking": true,
    "split": false,
    "color": "#4CAF50",
    "max_tokens": 4096,
    "pass_at_k": {
      "1": 0.6986725663716814,
      "3": 0.7560471976401181,
      "5": 0.7753898019384745,
      "10": 0.8008849557522124
    },
    "correct_tasks": 181,
    "total_correct": 1579,
    "n_tasks": 226,
    "trunc": {
      "total_samples": 2260,
      "truncated": 635,
      "truncation_rate": 0.2809734513274336,
      "tasks_all_trunc": 39,
      "tasks_no_trunc": 130
    },
    "struct_div": 0.1305,
    "codebleu_div": 0.2559
  },
  "E": {
    "label": "pless_norm_think 0.6",
    "thinking": true,
    "split": false,
    "color": "#8BC34A",
    "max_tokens": 4096,
    "pass_at_k": {
      "1": 0.6995575221238938,
      "3": 0.761283185840708,
      "5": 0.7778128950695322,
      "10": 0.7920353982300885
    },
    "correct_tasks": 179,
    "total_correct": 1581,
    "n_tasks": 226,
    "trunc": {
      "total_samples": 2260,
      "truncated": 628,
      "truncation_rate": 0.2778761061946903,
      "tasks_all_trunc": 39,
      "tasks_no_trunc": 132
    },
    "struct_div": 0.1244,
    "codebleu_div": 0.2447
  },
  "F": {
    "label": "split: temp\u2192pless",
    "thinking": true,
    "split": true,
    "color": "#FF9800",
    "max_tokens": 4096,
    "pass_at_k": {
      "1": 0.7154867256637167,
      "3": 0.7781710914454277,
      "5": 0.7949852507374631,
      "10": 0.8141592920353983
    },
    "correct_tasks": 184,
    "total_correct": 1617,
    "n_tasks": 226,
    "trunc": {
      "total_samples": 2260,
      "truncated": 585,
      "truncation_rate": 0.2588495575221239,
      "tasks_all_trunc": 36,
      "tasks_no_trunc": 131
    },
    "struct_div": 0.1686,
    "codebleu_div": 0.3393
  },
  "G": {
    "label": "split: temp\u2192pless_norm",
    "thinking": true,
    "split": true,
    "color": "#FF5722",
    "max_tokens": 4096,
    "pass_at_k": {
      "1": 0.7141592920353981,
      "3": 0.7828908554572271,
      "5": 0.8022194128388818,
      "10": 0.8230088495575221
    },
    "correct_tasks": 186,
    "total_correct": 1614,
    "n_tasks": 226,
    "trunc": {
      "total_samples": 2260,
      "truncated": 589,
      "truncation_rate": 0.2606194690265487,
      "tasks_all_trunc": 31,
      "tasks_no_trunc": 130
    },
    "struct_div": 0.1713,
    "codebleu_div": 0.3431
  },
  "H1": {
    "label": "split: temp 0.7 \u2192 pless 1.0",
    "thinking": true,
    "split": true,
    "color": "#FFCC80",
    "max_tokens": 8192,
    "pass_at_k": {
      "1": 0.8367256637168142,
      "3": 0.88023598820059,
      "5": 0.8913646579575782,
      "10": 0.9026548672566371
    },
    "correct_tasks": 204,
    "total_correct": 1891,
    "n_tasks": 226,
    "trunc": {
      "total_samples": 2260,
      "truncated": 311,
      "truncation_rate": 0.13761061946902656,
      "tasks_all_trunc": 14,
      "tasks_no_trunc": 171
    },
    "struct_div": 0.1919,
    "codebleu_div": 0.3653
  },
  "H2": {
    "label": "split: temp 0.7 \u2192 pless 1.5",
    "thinking": true,
    "split": true,
    "color": "#FFB74D",
    "max_tokens": 8192,
    "pass_at_k": {
      "1": 0.8331858407079646,
      "3": 0.8799778761061947,
      "5": 0.8960176991150443,
      "10": 0.915929203539823
    },
    "correct_tasks": 207,
    "total_correct": 1883,
    "n_tasks": 226,
    "trunc": {
      "total_samples": 2260,
      "truncated": 304,
      "truncation_rate": 0.13451327433628318,
      "tasks_all_trunc": 9,
      "tasks_no_trunc": 177
    },
    "struct_div": 0.1927,
    "codebleu_div": 0.3674
  },
  "H3": {
    "label": "split: temp 0.7 \u2192 pless 2.0",
    "thinking": true,
    "split": true,
    "color": "#FFA726",
    "max_tokens": 8192,
    "pass_at_k": {
      "1": 0.8362831858407079,
      "3": 0.8796460176991151,
      "5": 0.8901004354544177,
      "10": 0.8982300884955752
    },
    "correct_tasks": 203,
    "total_correct": 1890,
    "n_tasks": 226,
    "trunc": {
      "total_samples": 2260,
      "truncated": 305,
      "truncation_rate": 0.13495575221238937,
      "tasks_all_trunc": 10,
      "tasks_no_trunc": 171
    },
    "struct_div": 0.1845,
    "codebleu_div": 0.3526
  },
  "H4": {
    "label": "split: temp 0.8 \u2192 pless 1.0",
    "thinking": true,
    "split": true,
    "color": "#FF8A65",
    "max_tokens": 8192,
    "pass_at_k": {
      "1": 0.827433628318584,
      "3": 0.8734513274336283,
      "5": 0.8859390363815143,
      "10": 0.8982300884955752
    },
    "correct_tasks": 203,
    "total_correct": 1870,
    "n_tasks": 226,
    "trunc": {
      "total_samples": 2260,
      "truncated": 315,
      "truncation_rate": 0.13938053097345132,
      "tasks_all_trunc": 13,
      "tasks_no_trunc": 172
    },
    "struct_div": 0.1897,
    "codebleu_div": 0.3607
  },
  "H5": {
    "label": "split: temp 0.8 \u2192 pless 1.5",
    "thinking": true,
    "split": true,
    "color": "#FF7043",
    "max_tokens": 8192,
    "pass_at_k": {
      "1": 0.8336283185840707,
      "3": 0.8782448377581121,
      "5": 0.893102963899424,
      "10": 0.9070796460176991
    },
    "correct_tasks": 205,
    "total_correct": 1884,
    "n_tasks": 226,
    "trunc": {
      "total_samples": 2260,
      "truncated": 305,
      "truncation_rate": 0.13495575221238937,
      "tasks_all_trunc": 11,
      "tasks_no_trunc": 178
    },
    "struct_div": 0.1878,
    "codebleu_div": 0.357
  },
  "H6": {
    "label": "split: temp 0.8 \u2192 pless 2.0",
    "thinking": true,
    "split": true,
    "color": "#F4511E",
    "max_tokens": 8192,
    "pass_at_k": {
      "1": 0.8300884955752214,
      "3": 0.8736725663716813,
      "5": 0.8870803483635342,
      "10": 0.9026548672566371
    },
    "correct_tasks": 204,
    "total_correct": 1876,
    "n_tasks": 226,
    "trunc": {
      "total_samples": 2260,
      "truncated": 308,
      "truncation_rate": 0.13628318584070798,
      "tasks_all_trunc": 13,
      "tasks_no_trunc": 173
    },
    "struct_div": 0.189,
    "codebleu_div": 0.3663
  },
  "H7": {
    "label": "split: temp 1.5 \u2192 pless 1.0",
    "thinking": true,
    "split": true,
    "color": "#E64A19",
    "max_tokens": 8192,
    "pass_at_k": {
      "1": 0.827433628318584,
      "3": 0.8839233038348083,
      "5": 0.8978437982862761,
      "10": 0.911504424778761
    },
    "correct_tasks": 206,
    "total_correct": 1870,
    "n_tasks": 226,
    "trunc": {
      "total_samples": 2260,
      "truncated": 306,
      "truncation_rate": 0.13539823008849558,
      "tasks_all_trunc": 12,
      "tasks_no_trunc": 171
    },